task,seed,approx_kl_last,cpu_percent_max,current_stall_minutes,early_low_reward,ev_neg_streak,eval_drawdown,eval_last_reward,eval_last_timesteps,eval_neg_ratio,eval_neg_ratio_recent,eval_peak_reward,eval_points,eval_slope_per_1e6,eval_std_recent,falls_mean,idle_minutes,kl_divergent,kl_divergent_streak,max_dev_max,mem_percent_max,min_clear_min,nan_count,neg_ratio_current,progress_ratio,report_rows,restart_count,reward_peak_ratio,snapshot_count,stall_minutes,std_last,success_rate_mean,swap_percent_max,time_span_minutes,timesteps_growth,value_loss_divergent,verdict_fail_ratio,completed,verdict,success_rate,duration_seconds,label_source
balance,seed00,0.0212,100.0,5115.9,0.0,0.0,1.0,-18.8337,4000000.0,0.4625,1.0,99.9821,80.0,-5.2404,0.0219,0.0,113.8,1.0,40.0,0.0138,78.7,0.4339,0.0,0.6981,0.5,1.0,3.0,-0.1884,3352.0,5115.9,0.0151,1.0,22.4,11051.8,4001792.0,0.0,0.0,True,fail,0.0,433594.1270768642,manual
balance,seed01,,100.0,319.2,,,,,,,,,,,,,35.6,,,,74.1,,,,,,3.0,,1496.0,359.2,,,13.7,6046.5,-5783552.0,,,False,,,362791.50980615616,auto
balance,seed02,,100.0,319.2,,,,,,,,,,,,,35.6,,,,74.1,,,,,,1.0,,706.0,319.2,,,0.0,420.7,-24576.0,,,False,,,25240.488173246384,auto
balance_v1,seed00,0.0048,,,0.0,168.0,0.9836,0.9969,1350000.0,0.0,0.0,60.9547,27.0,-0.0,0.0,,,0.0,0.0,,,,,0.0,,,,0.0164,,,0.0095,,,,,0.0,,False,,,,auto
balance_v1,seed01,0.032,,,0.0,0.0,1.0,-73.4874,3100000.0,0.3065,1.0,99.9851,62.0,30.7732,0.7252,,,1.0,22.0,,,,,0.3065,,,,-0.735,,,0.0084,,,,,0.0,,False,,,,auto
balance_v1,seed02,0.2461,,,0.0,0.0,0.8314,16.8542,5300000.0,0.4151,0.0,99.9843,106.0,24.9612,0.4055,,,0.0,0.0,,,,,0.4151,,,,0.1686,,,0.1368,,,,,0.0,,False,,,,auto
full_chain,seed00,0.0355,100.0,4286.7,,0.0,1.0,-9.4164,5900000.0,0.9875,1.0,146.9071,80.0,0.0578,0.0,0.0,113.8,0.0,0.0,0.4003,69.4,-0.0003,0.0,0.9875,,1.0,0.0,-0.0641,2592.0,4286.7,0.0333,0.0,0.0,5324.5,5905888.0,0.0,1.0,True,fail,0.0,89956.34326958656,manual
full_chain,seed01,,99.6,319.2,,,,,,,,,,,,,15.5,,,,69.2,,,,,,0.0,,555.0,319.2,,,0.0,319.2,0.0,,,False,,,19153.72599887848,auto
full_chain,seed02,,99.6,319.2,,,,,,,,,,,,,15.5,,,,69.2,,,,,,0.0,,555.0,319.2,,,0.0,319.2,0.0,,,False,,,19153.72599887848,auto
full_chain_simple,seed00,0.0074,100.0,2346.8,0.0,0.0,0.0251,511.9575,4000000.0,0.0125,0.0,525.1246,80.0,30.621,0.2618,,71.3,0.0,0.0,,63.7,,,0.0125,1.0,,0.0,0.9749,661.0,2346.8,2.8966,,0.0,2485.0,4005888.0,0.0,,True,,,149097.79251289368,auto
full_chain_v1,seed00,,,,0.0,,1.0,-9.5776,4000.0,0.75,0.75,147.0269,4.0,-46981.32,78.3022,,,1.0,4.0,,,,,0.75,,,,-0.0651,,,,,,,,,,False,,,,auto
traverse,seed00,0.0595,100.0,17.9,0.0,0.0,0.4595,67.3659,700000.0,0.5,0.0,124.6347,14.0,-460.1136,25.9768,,13.7,0.0,0.0,,78.7,,,0.5,0.0875,,4.0,0.5405,1100.0,359.2,0.428,,22.4,5725.7,-6134720.0,0.0,,False,,,343541.1870126724,auto
traverse,seed01,0.7347,100.0,441.5,0.0,0.0,0.522,66.8081,8000000.0,0.0125,0.0,139.7564,160.0,38.2966,70.1523,0.28,13.7,1.0,1.0,0.4004,78.7,,0.0,0.0125,1.0,5.0,0.0,0.478,735.0,441.5,0.0597,0.72,22.4,5576.5,8003584.0,0.0,1.0,True,fail,0.72,334592.6137354374,auto
traverse,seed02,,100.0,401.2,,,,,,,,,,,,0.32,1.1,,,0.4083,78.7,,0.0,,,5.0,0.0,,389.0,401.2,,0.68,22.4,401.2,0.0,,1.0,True,fail,0.6799999999999999,24070.4248046875,auto
traverse_curve,seed00,0.5016,100.0,2647.2,1.0,0.0,1.0,-6.0819,4000000.0,0.6494,1.0,7.4765,77.0,-2.5324,0.0,1.0,113.8,0.0,0.0,0.4073,69.4,,0.0,0.6494,1.0,1.0,2.0,-0.8135,2582.0,2647.2,0.097,0.0,0.0,5323.9,3983856.0,0.0,1.0,True,fail,0.0,89923.18314385414,manual
traverse_curve,seed01,,99.6,318.7,,,,,,,,,,,,,15.0,,,,69.2,,,,,,0.0,,554.0,318.7,,,0.0,318.7,0.0,,,False,,,19120.565873146057,auto
traverse_curve,seed02,,99.6,318.7,,,,,,,,,,,,,15.0,,,,69.2,,,,,,0.0,,554.0,318.7,,,0.0,318.7,0.0,,,False,,,19120.565873146057,auto
traverse_curve_v1,seed00,0.5671,,,1.0,0.0,1.0,-0.1642,4000000.0,0.375,0.8,12.6381,80.0,5.7508,0.0,,,0.0,0.0,,,,,0.375,,,,-0.013,,,0.0919,,,,,0.0,,True,,,,auto
traverse_curve_v2,seed00,0.5671,,,1.0,0.0,0.0067,133.547,4000000.0,0.1875,0.0,134.454,80.0,3.4894,0.2801,0.0,,0.0,0.0,0.0398,,,0.0,0.1875,,1.0,,0.9933,,,0.0919,1.0,,,,0.0,0.0,True,pass,1.0,,auto
traverse_curve_v3,seed00,0.3303,,,1.0,0.0,1.0,-4.0148,4000000.0,0.3875,1.0,9.3944,80.0,-7.6714,1.1169,1.0,,0.0,0.0,0.4024,,,0.0,0.3875,,1.0,,-0.4274,,,0.1069,0.0,,,,0.0,1.0,True,fail,0.0,,auto
traverse_flat_slope,seed00,0.243,100.0,2626.6,1.0,0.0,0.8067,7.334,4000000.0,0.0909,0.0,37.9506,66.0,-39.4656,2.8937,1.0,113.8,0.0,0.0,0.5647,69.4,,0.0,0.0909,1.0,1.0,2.0,0.1933,2565.0,2626.6,0.1019,0.0,0.0,5324.5,4001376.0,0.0,1.0,True,fail,0.0,319469.2220964432,auto
traverse_flat_slope,seed01,,99.6,319.2,,,,,,,,,,,,,15.5,,,,69.2,,,,,,0.0,,555.0,319.2,,,0.0,319.2,0.0,,,False,,,19153.72599887848,auto
traverse_flat_slope,seed02,,99.6,319.2,,,,,,,,,,,,,15.5,,,,69.2,,,,,,0.0,,555.0,319.2,,,0.0,319.2,0.0,,,False,,,19153.72599887848,auto
traverse_flat_slope_v1,seed00,0.3456,,,0.0,0.0,0.9197,3.3709,4000000.0,0.075,0.0,41.9885,80.0,-24.8416,3.5614,,,0.0,0.0,,,,,0.075,,,,0.0803,,,0.0975,,,,,0.0,,True,,,,auto
traverse_slope,seed00,0.4684,100.0,2485.0,1.0,0.0,0.6656,8.1236,8000000.0,0.5442,0.2,24.2945,147.0,33.751,3.4723,1.0,113.8,0.0,0.0,0.4008,69.4,,0.0,0.5442,2.0,1.0,0.0,0.3344,2572.0,2485.0,0.0843,0.0,0.0,5324.5,8006416.0,0.0,1.0,False,fail,0.0,89956.34326958656,manual
traverse_slope,seed01,,99.6,318.7,,,,,,,,,,,,,15.0,,,,69.2,,,,,,0.0,,554.0,318.7,,,0.0,318.7,0.0,,,False,,,19120.565873146057,auto
traverse_slope,seed02,,99.6,318.7,,,,,,,,,,,,,15.0,,,,69.2,,,,,,0.0,,554.0,318.7,,,0.0,318.7,0.0,,,False,,,19120.565873146057,auto
traverse_slope_v1,seed00,0.4286,,,,0.0,1.0,-1.0171,4000000.0,0.0667,0.2,26.8397,45.0,-20.513,4.4491,,,0.0,0.0,,,,,0.0667,,,,-0.0379,,,0.0861,,,,,0.0,,True,,,,auto
traverse_v1,seed00,0.0552,,,1.0,0.0,0.4595,67.3659,700000.0,0.5,0.0,124.6347,14.0,-460.1136,25.9768,,,0.0,0.0,,,,,0.5,,,,0.5405,,,0.4382,,,,,0.0,,False,,,,auto
traverse_v1,seed01,0.7347,,,0.0,0.0,0.522,66.8081,8000000.0,0.0125,0.0,139.7564,160.0,38.2966,70.1523,,,1.0,1.0,,,,,0.0125,,,,0.478,,,0.0597,,,,,0.0,,True,,,,auto
traverse_v1,seed02,0.4131,,,0.0,0.0,0.0482,133.0854,8000000.0,0.0,0.0,139.8208,160.0,243.7016,47.5508,,,0.0,0.0,,,,,0.0,,,,0.9518,,,0.0772,,,,,0.0,,True,,,,auto
